business_name,email
A Just Brew,ajustbrewcoffee@gmail.com
The purple goose,halley@shopthepurplegoose.com
Recess apparel,info@shoprecessapparel.com.
Zip-Dang,shop@zip-dang.com
The shop by EBNS,shopebns@gmail.com
Red Square Flowers,info@redsquareflowers.com
Monroe Street Framing,info@monroestreetframing.com
red fish blue fish aquatics,redfishbluefishaquaticsllc@gmail.com
Aquarium Co-op Products,shipping@aquariumcoop.com
HYART Gallery,service.hyartgallery@gmail.com
CocoVaa Chocolatier,info@cocovaa.com
VMSS (Vet Med Student Supply),wiscares@vetmed.wisc.edu
"Budding Butterfly",buddingbutterflyllc@gmail.com
"Doodles Productions",hello@doodlesproductions.com
"Alhambra Flower Farm",alhambraflowerfarm@gmail.com
Deconstruction Inc.,deconstructioninc@gmail.com
The Bounty (Environmental Narratives),info@thebountymadison.com
Mount Horeb School Store,schoolstore@mounthorebschools.org
Kella (Kella Design),info@kelladesign.com
Teasider,hello@teasider.com
Breezeway Bubbles SCUBA,Don@breezewaybubbles.com
The Book Deal,hello@thebookdeal.com
Sunset Yarn,lynette@sunsetyarn.com
ULLA Eyewear,info@ullaeyewear.com
Giant Jones Brewing,beer@giantjones.com